{
	"tags": ["COVID-19", "epidemia koronawirusa", "koronawirus", "pandemia koronawirusa"],
	"title": "Lekarz o liczbie zachorowań: Idziemy spodziewaną ścieżką. 5000 przypadków dziennie w październiku",
	"lead": "Wszystko wskazuje, że pod koniec miesiąca będziemy odnotowywać 5000 przypadków COVID-19 dziennie - stwierdził w rozmowie z Gazeta.pl Bartosz Fiałek, lekarz, przewodniczący Regionu Kujawsko-Pomorskiego Ogólnopolskiego Związku Zawodowego Lekarzy.",
	"updateDate": "2021-10-14T12:20:01.000Z",
	"url": "https://next.gazeta.pl/next/7,151003,27688978,lekarz-o-liczbie-zachorowan-idziemy-spodziewana-sciezka-5000.html",
	"documentContent": "<section class=\"art_content\" itemprop=\"articleSection\"><div class=\"art_embed\"><div>\n <span class=\"video-head\">\n Zobacz wideo\n </span>\n <span class=\"video-description\">Marcin Ociepa był gościem Porannej Rozmowy Gazeta.pl (14.10)</span>\n </div>\n<div id=\"onn-cid-8334\"></div>\n<script async=\"\" type=\"text/javascript\" src=\"https://video.onnetwork.tv/embed.php?sid=MTJxLDJEaU4sMA==&amp;cId=onn-cid-8334\"></script>\n\n</div><p class=\"art_paragraph\">Epidemia koronawirusa przybiera na sile. W czwartek Ministerstwo Zdrowia poinformowało o 3000 nowych przypadkach zakażenia. W porównaniu z ubiegłym tygodniem zdiagnozowanych zostało aż o 993 zakażenia więcej.</p><h2 class=\"art_sub_title\">Lekarz: Modele matematyczne się niestety sprawdzają</h2><p class=\"art_paragraph\">Jak na te dane reagują eksperci? Bartosz Fiałek, lekarz, specjalista w dziedzinie reumatologii, przewodniczący Regionu Kujawsko-Pomorskiego Ogólnopolskiego Związku Zawodowego Lekarzy, otwarcie przyznaje, że sprawdza się scenariusz wynikający z modeli matematycznych.&nbsp;</p><p class=\"art_paragraph\">- Dzisiejsze dane Ministerstwa Zdrowia to zły prognostyk. Wszystko wskazuje na to, że pod koniec miesiąca będziemy odnotowywać 5000 przypadków COVID-19 dziennie. Polska idzie śladem innych krajów - stwierdził.</p><p class=\"art_paragraph\">Lekarz podał też przyczyny wzrostu liczby chorych. - Powody tej sytuacji są oczywiste: mała liczba wyszczepionych osób i brak respektowania zasad, dystansu społecznego, dezynfekcji, wietrzenia pomieszczeń. A mamy tylko te dwie drogi, by pandemię ograniczać - dodał rozmówca next.gazeta.pl.</p><p data-xx=\"27663555\" class=\"art_embed relatedBox\"><a class=\"relatedBox__link\" href=\"https://next.gazeta.pl/next/7,151003,27663555,koronawirus-w-polsce-co-dalej-mamy-prognoze-pod-koniec-listopada.html#e=RelArtLink(1)\" data-bd-viewability-id=\"relatedBox\" data-bd-viewability-href=\"https://next.gazeta.pl/next/7,151003,27663555,koronawirus-w-polsce-co-dalej-mamy-prognoze-pod-koniec-listopada.html\" data-bd-viewability=\"1\"><img class=\"relatedBox__image\" src=\"https://bi.im-g.pl/im/c0/61/1a/z27664320II,-.jpg#e=RelArtImg(1)\" alt=\".\"/><span class=\"relatedBox__title\">Koronawirus w Polsce. Mamy prognozę. 'Pod koniec listopada 20-30 tys. przypadków'</span></a></p><h2 class=\"art_sub_title\">Fiałek: Liczę na to, że szczepienia powstrzymają liczbę nadmiarowych zgonów</h2><p class=\"art_paragraph\">Zdaniem eksperta z kolejnymi wysokimi falami epidemii będziemy zmagać się tak długo, aż nie zaczniemy stosować się do zasad.&nbsp;- Jedyna nadzieja w tym, że ten niski, wynoszący 53 proc. wskaźnik szczepień mimo wszystko powstrzyma napływ ludzi do szpitali. Nie ma wątpliwości, że szczepienia w 90 proc. redukują ryzyko ciężkiego przebiegu infekcji i zgonu.&nbsp;</p><div id=\"banC1\"></div>\n<div id=\"adUnit-087-ADBOARD-A\" class=\"adviewDFPBanner DFP-087-ADBOARD-A\" >\n<span class=\"banLabel\" style=\"display: none;\">REKLAMA</span>\n<div id='div-gpt-ad-087-ADBOARD-A-0'>\n<script type='text/javascript'>\nif(dfpParams.slots['087-ADBOARD-A']&&dfpParams.slots['087-ADBOARD-A'].autoLoad){if(window.adviewDFP&&adviewDFP.scrollSlot)adviewDFP.scrollSlot.push('087-ADBOARD-A');if(window.AdviewAdsTag)window.AdviewAdsTag.autoLoadSlot.push('087-ADBOARD-A');}else{googletag.cmd.push(function(){googletag.display('div-gpt-ad-087-ADBOARD-A-0');});}\n</script>\n</div>\n</div>\n<p class=\"art_paragraph\">Bartosz Fiałek przypomniał, że w zeszłym roku to właśnie olbrzymia fala chorych doprowadziła do faktycznego paraliżu systemu ochrony zdrowia. - System stał się skrajnie niewydolny, czego skutkiem był wzrost tzw. nadmiarowych zgonów. Miejmy nadzieję, że liczba chorych na COVID-19 nie wzrośnie na tyle, że nie będziemy w stanie pomagać pacjentom z innymi chorobami - podsumował ekspert.&nbsp;</p><h2 class=\"art_sub_title\">Nadmiarowe zgony w Polsce</h2><p class=\"art_paragraph\">Statystyki potwierdzają, że liczba zgonów w Polsce w roku 2020 była o jedną szóstą wyższa, niż średnia z poprzednich trzech lat. W całym kraju zmarło łącznie&nbsp;478 658 osób. Szczegóły można zobaczyć na wykresach zamieszczonych w galerii pod zdjęciem głównym.&nbsp;</p><p class=\"art_paragraph\">Fala nadmiarowych śmierci rozlała się po całym kraju, choć najmocniej dotknęła ona południe Polski.</p><div id=\"banC2\"></div>\n<div id=\"adUnit-087-ADBOARD-B\" class=\"adviewDFPBanner DFP-087-ADBOARD-B\" >\n<span class=\"banLabel\" style=\"display: none;\">REKLAMA</span>\n<div id='div-gpt-ad-087-ADBOARD-B-0'>\n<script type='text/javascript'>\nif(dfpParams.slots['087-ADBOARD-B']&&dfpParams.slots['087-ADBOARD-B'].autoLoad){if(window.adviewDFP&&adviewDFP.scrollSlot)adviewDFP.scrollSlot.push('087-ADBOARD-B');if(window.AdviewAdsTag)window.AdviewAdsTag.autoLoadSlot.push('087-ADBOARD-B');}else{googletag.cmd.push(function(){googletag.display('div-gpt-ad-087-ADBOARD-B-0');});}\n</script>\n</div>\n</div>\n<p class=\"art_paragraph\">- Po pandemii zostaną olbrzymie szkody zdrowotne. I to nie tylko w postaci powikłań i konsekwencji COVID-19, czyli np. nowych zespołów chorobowych. Pamiętajmy, że są ludzie, którzy przez rok nie byli u lekarza, bo po prostu się bali, i ich stan zdrowia istotnie się pogorszył. To wszystko, in gremio, nazywamy długiem zdrowotnym - ocenił w połowie kwietnia w rozmowie z \"Rzeczpospolitą\" prof. Andrzej Fal, kierownik Kliniki Alergologii, Chorób Płuc i Chorób Wewnętrznych Centralnego Szpitala Klinicznego MSWiA w Warszawie.</p><p data-xx=\"27576981\" class=\"art_embed relatedBox\"><a class=\"relatedBox__link\" href=\"https://next.gazeta.pl/nextnext/7,162552,27576981,skokowe-wzrosty-liczby-nowych-zakazen-covid-19-o-kilkadziesiat.html#e=RelArtLink(2)\" data-bd-viewability-id=\"relatedBox\" data-bd-viewability-href=\"https://next.gazeta.pl/nextnext/7,162552,27576981,skokowe-wzrosty-liczby-nowych-zakazen-covid-19-o-kilkadziesiat.html\" data-bd-viewability=\"1\"><img class=\"relatedBox__image\" src=\"https://bi.im-g.pl/im/9d/4c/1a/z27576989II,Od-kilku-tygodni-obserwujemy-skokowe-wzrosty-liczb.jpg#e=RelArtImg(2)\" alt=\"Od kilku tygodni obserwujemy skokowe wzrosty liczby nowych dobowych przypadków COVID-19\"/><span class=\"relatedBox__title\">Czwarta fala puka do naszych drzwi. Skokowe wzrosty liczby nowych zakażeń</span></a></p></section>\n",
	"photoRelated": [{
		"url": "https://bi.im-g.pl/im/c7/c3/19/z27017159X,Praca-medykow-oddzialu-intensywnej-terapii-dla-cho.jpg",
		"title": "Praca medyków oddziału intensywnej terapii dla chorych na COVID-19 w Wojewódzkim Szpitalu Specjalistycznym im. Stefana Kardynała Wyszyńskiego w Lublinie (zdjęcie ilustracyjne)",
		"author": "Fot. Jakub Orzechowski / Agencja Gazeta"
	}, {
		"url": "https://bi.im-g.pl/im/6b/68/1a/z27689067X,Wzrost-liczby-osob-zmarlych-w-roku-2020.jpg",
		"title": "Wzrost liczby osób zmarłych w roku 2020",
		"author": "Opracowanie: Mikołaj Fidziński, ilustracja: Marta Kondrusik"
	}, {
		"url": "https://bi.im-g.pl/im/02/fa/19/z27241730X,Liczba-zabiegow-onkologicznych-w-2020-roku-zauwaza.jpg",
		"title": "Liczba zabiegów onkologicznych w 2020 roku zauważalnie spadła względem roku 2019",
		"author": "Grafika: Marta Kondrusik"
	}, {
		"url": "https://bi.im-g.pl/im/06/fa/19/z27241734X,Liczba-zabiegow-kardiologicznych-w-2020-roku-zauwa.jpg",
		"title": "Liczba zabiegów kardiologicznych w 2020 roku zauważalnie spadła względem roku 2019",
		"author": "Grafika: Marta Kondrusik"
	}, {
		"url": "https://bi.im-g.pl/im/e1/77/19/z26705889X,-.jpg",
		"title": ".",
		"author": "grafika: Marta Kondrusik Gazeta.pl"
	}, {
		"url": "https://bi.im-g.pl/im/c8/c3/19/z27017160X,Praca-medykow-oddzialu-intensywnej-terapii-dla-cho.jpg",
		"title": "Praca medyków oddziału intensywnej terapii dla chorych na COVID-19 w Wojewódzkim Szpitalu Specjalistycznym im. Stefana Kardynała Wyszyńskiego w Lublinie (zdjęcie ilustracyjne)",
		"author": "Fot. Jakub Orzechowski / Agencja Gazeta"
	}, {
		"url": "https://bi.im-g.pl/im/0e/5b/1a/z27638798X,Szpital--Koronawirus--COVID-19---zdjecie-ilustracy.jpg",
		"title": "Szpital. Koronawirus. COVID-19 / zdjęcie ilustracyjne",
		"author": "Fot. Jakub Orzechowski / Agencja Gazeta"
	}],
	"authors": [{
		"selectedSignature": {
			"name": "Robert Kędzierski"
		},
		"photoId": 26723497,
		"signatures": {
			"mainSignatureId": "5999123e-5f23-426e-b2ba-975acae9a98c"
		}
	}],
	"params": [{
		"key": "short-title",
		"value": "Lekarz o koronawirusie: Idziemy spodziewaną ścieżką. 5 tys. dziennie w październiku"
	}, {
		"key": "facebook-title",
		"value": "Lekarz o liczbie zachorowań: Idziemy spodziewaną ścieżką. 5 tys. dziennie w październiku"
	}, {
		"key": "onn-videoId",
		"value": "481625"
	}, {
		"key": "gazeta-pl-hp-box",
		"value": "najnowsze"
	}, {
		"key": "author_id",
		"value": "41854"
	}, {
		"key": "onn-sid",
		"value": "{\"next.gazeta.pl\":\"Mk5VLDJEbTUsMA==\"}"
	}, {
		"key": "seo-title",
		"value": "Lekarz o liczbie zachorowań: Idziemy spodziewaną ścieżką. 5000 przypadków dziennie jeszcze w październiku"
	}]
}